district,year,value
1,2000,0
1,2001,0
1,2002,0
1,2003,0
1,2004,0
1,2005,0
1,2006,0.107408939
1,2007,0.211005517
1,2008,0.270947203
1,2009,0.30396061
1,2010,0.425673135
1,2011,0.423762475
1,2012,0.359882995
1,2013,0.556358481
1,2014,0.765517249
1,2015,0.75662633
2,2000,0
2,2001,0
2,2002,0.003595904
2,2003,0
2,2004,0
2,2005,0.005049945
2,2006,0.041629496
2,2007,0.129625558
2,2008,0.182934361
2,2009,0.210508958
2,2010,0.327590963
2,2011,0.331345579
2,2012,0.266719188
2,2013,0.443716736
2,2014,0.63670107
2,2015,0.628976218
3,2000,0
3,2001,0
3,2002,0
3,2003,0
3,2004,0
3,2005,0
3,2006,0.167630502
3,2007,0.290270521
3,2008,0.346748884
3,2009,0.353634194
3,2010,0.432032474
3,2011,0.431180761
3,2012,0.405675201
3,2013,0.613254302
3,2014,0.82430046
3,2015,0.815342597
4,2000,0
4,2001,0
4,2002,0
4,2003,0
4,2004,0
4,2005,0
4,2006,0.180810053
4,2007,0.27523939
4,2008,0.310943642
4,2009,0.340246337
4,2010,0.445034375
4,2011,0.453143967
4,2012,0.426114789
4,2013,0.629894056
4,2014,0.838677962
4,2015,0.829800339
5,2000,0
5,2001,0
5,2002,0
5,2003,0
5,2004,0
5,2005,0
5,2006,0.047792818
5,2007,0.141704794
5,2008,0.19864135
5,2009,0.231493296
5,2010,0.334761266
5,2011,0.323765462
5,2012,0.26646156
5,2013,0.443047121
5,2014,0.630798631
5,2015,0.622667005
6,2000,0
6,2001,0
6,2002,0
6,2003,0
6,2004,0
6,2005,0
6,2006,0.026542524
6,2007,0.113731688
6,2008,0.175682499
6,2009,0.208287638
6,2010,0.312137399
6,2011,0.299484808
6,2012,0.24163213
6,2013,0.423298475
6,2014,0.616512715
6,2015,0.608187332
7,2000,0
7,2001,0
7,2002,0
7,2003,0
7,2004,0
7,2005,0
7,2006,0.067289804
7,2007,0.161723186
7,2008,0.219129003
7,2009,0.253567534
7,2010,0.342982833
7,2011,0.329120311
7,2012,0.289757698
7,2013,0.472941642
7,2014,0.663912775
7,2015,0.655666953
8,2000,0
8,2001,0
8,2002,0
8,2003,0
8,2004,0
8,2005,0
8,2006,0.060521276
8,2007,0.146420944
8,2008,0.188791744
8,2009,0.214276637
8,2010,0.287627697
8,2011,0.289271421
8,2012,0.276917445
8,2013,0.460365596
8,2014,0.647321894
8,2015,0.639218474
9,2000,0
9,2001,0
9,2002,0
9,2003,0
9,2004,0
9,2005,0
9,2006,0.035574643
9,2007,0.13361269
9,2008,0.196915162
9,2009,0.231234782
9,2010,0.355164147
9,2011,0.346323036
9,2012,0.27107267
9,2013,0.459666891
9,2014,0.663546019
9,2015,0.654842363
10,2000,0
10,2001,0
10,2002,0
10,2003,0
10,2004,0
10,2005,0
10,2006,0.093089372
10,2007,0.193095733
10,2008,0.253353839
10,2009,0.290577278
10,2010,0.409393746
10,2011,0.398346126
10,2012,0.328937778
10,2013,0.517579593
10,2014,0.720292327
10,2015,0.711630042
11,2000,0
11,2001,0
11,2002,0
11,2003,0
11,2004,0
11,2005,0
11,2006,0.098000859
11,2007,0.208559823
11,2008,0.258753036
11,2009,0.272905412
11,2010,0.35768573
11,2011,0.371061684
11,2012,0.3578284
11,2013,0.573754619
11,2014,0.792141427
11,2015,0.782923198
12,2000,0
12,2001,0
12,2002,0
12,2003,0
12,2004,0
12,2005,0
12,2006,0.07739435
12,2007,0.185241613
12,2008,0.240002714
12,2009,0.25411052
12,2010,0.33775201
12,2011,0.348358584
12,2012,0.329013159
12,2013,0.533559324
12,2014,0.743911467
12,2015,0.73497822
13,2000,0
13,2001,0
13,2002,0
13,2003,0
13,2004,0
13,2005,0
13,2006,0.090285081
13,2007,0.201890113
13,2008,0.251461896
13,2009,0.256998813
13,2010,0.323390115
13,2011,0.326792576
13,2012,0.313654203
13,2013,0.506351591
13,2014,0.704847614
13,2015,0.696334892
14,2000,0
14,2001,0
14,2002,0
14,2003,0
14,2004,0
14,2005,0
14,2006,0.071622071
14,2007,0.172167242
14,2008,0.224988658
14,2009,0.255794367
14,2010,0.361581892
14,2011,0.355706646
14,2012,0.306655759
14,2013,0.500391586
14,2014,0.704059913
14,2015,0.695363734
15,2000,0
15,2001,0
15,2002,0
15,2003,0
15,2004,0
15,2005,0
15,2006,0.080354425
15,2007,0.171485183
15,2008,0.217438602
15,2009,0.243418043
15,2010,0.314278124
15,2011,0.308414228
15,2012,0.293977949
15,2013,0.478882039
15,2014,0.666666168
15,2015,0.658533386
16,2000,0
16,2001,0
16,2002,0
16,2003,0
16,2004,0
16,2005,0
16,2006,0.009873877
16,2007,0.081720762
16,2008,0.140303745
16,2009,0.167506206
16,2010,0.267052536
16,2011,0.257039618
16,2012,0.203047111
16,2013,0.380769616
16,2014,0.569165169
16,2015,0.561010701
17,2000,0
17,2001,0
17,2002,0
17,2003,0
17,2004,0
17,2005,0
17,2006,0.069530105
17,2007,0.157081629
17,2008,0.200972168
17,2009,0.227456083
17,2010,0.300902921
17,2011,0.299749965
17,2012,0.286172983
17,2013,0.47044611
17,2014,0.658230789
17,2015,0.650097987
18,2000,0
18,2001,0
18,2002,0
18,2003,0
18,2004,0
18,2005,0
18,2006,0.054883176
18,2007,0.150434819
18,2008,0.203642437
18,2009,0.233890601
18,2010,0.329114043
18,2011,0.320286709
18,2012,0.276890787
18,2013,0.46137603
18,2014,0.654352186
18,2015,0.646035248
19,2000,0
19,2001,0
19,2002,0
19,2003,0
19,2004,0
19,2005,0
19,2006,0.067685495
19,2007,0.167874303
19,2008,0.228356305
19,2009,0.264018047
19,2010,0.382536695
19,2011,0.372311098
19,2012,0.302435586
19,2013,0.489067117
19,2014,0.689807908
19,2015,0.681215566
20,2000,0
20,2001,0
20,2002,0
20,2003,0
20,2004,0
20,2005,0
20,2006,0.096936798
20,2007,0.206419835
20,2008,0.255920475
20,2009,0.264510305
20,2010,0.33205277
20,2011,0.33458382
20,2012,0.321255988
20,2013,0.513533684
20,2014,0.711981943
20,2015,0.703470915
21,2000,0
21,2001,0
21,2002,0
21,2003,0
21,2004,0
21,2005,0
21,2006,0.151078791
21,2007,0.261690241
21,2008,0.324248394
21,2009,0.3498077
21,2010,0.45729069
21,2011,0.453212807
21,2012,0.398734155
21,2013,0.59481055
21,2014,0.800735477
21,2015,0.791959259
22,2000,0
22,2001,0
22,2002,0
22,2003,0
22,2004,0
22,2005,0
22,2006,0.153809997
22,2007,0.248621979
22,2008,0.286141309
22,2009,0.312848377
22,2010,0.420053041
22,2011,0.427625346
22,2012,0.392291341
22,2013,0.590403341
22,2014,0.795118547
22,2015,0.786385237
23,2000,0
23,2001,0
23,2002,0
23,2003,0
23,2004,0
23,2005,0
23,2006,0.076347374
23,2007,0.180471101
23,2008,0.241903103
23,2009,0.270941746
23,2010,0.390984066
23,2011,0.388967203
23,2012,0.322825745
23,2013,0.516824573
23,2014,0.723661589
23,2015,0.71485302
24,2000,0
24,2001,0
24,2002,0.003182668
24,2003,0.000112188
24,2004,0.00015401
24,2005,0.003680671
24,2006,0.061837719
24,2007,0.161611454
24,2008,0.220091109
24,2009,0.253573655
24,2010,0.372502728
24,2011,0.367321838
24,2012,0.298629561
24,2013,0.481909782
24,2014,0.680614147
24,2015,0.67237772
25,2000,0
25,2001,0
25,2002,0
25,2003,0
25,2004,0
25,2005,0
25,2006,0.173111584
25,2007,0.291287521
25,2008,0.353344782
25,2009,0.367866369
25,2010,0.456677138
25,2011,0.45084414
25,2012,0.409752249
25,2013,0.608299538
25,2014,0.813111283
25,2015,0.804374549
26,2000,0
26,2001,0
26,2002,0
26,2003,0
26,2004,0
26,2005,0
26,2006,0.02130675
26,2007,0.105578412
26,2008,0.162011637
26,2009,0.189843793
26,2010,0.286756648
26,2011,0.277157345
26,2012,0.227622961
26,2013,0.407482567
26,2014,0.597078016
26,2015,0.588880988
27,2000,0
27,2001,0
27,2002,0.010138559
27,2003,0.001625344
27,2004,0.002225313
27,2005,0.011150596
27,2006,0.097753432
27,2007,0.188327334
27,2008,0.242297845
27,2009,0.278474952
27,2010,0.376434539
27,2011,0.37231185
27,2012,0.321938691
27,2013,0.485427714
27,2014,0.662634021
27,2015,0.655608317
28,2000,0
28,2001,0
28,2002,0
28,2003,0
28,2004,0
28,2005,0
28,2006,0.054020066
28,2007,0.142102901
28,2008,0.191443338
28,2009,0.222544722
28,2010,0.308230678
28,2011,0.308046206
28,2012,0.284045969
28,2013,0.47283584
28,2014,0.668400624
28,2015,0.65999187
29,2000,0
29,2001,0
29,2002,0
29,2003,0
29,2004,0
29,2005,0
29,2006,0.132763524
29,2007,0.237110182
29,2008,0.279841055
29,2009,0.299686906
29,2010,0.389091063
29,2011,0.402541163
29,2012,0.391025794
29,2013,0.60394871
29,2014,0.818829374
29,2015,0.809735505
30,2000,0
30,2001,0
30,2002,0.000983923
30,2003,0
30,2004,0
30,2005,0.001821337
30,2006,0.020440246
30,2007,0.094277132
30,2008,0.146859876
30,2009,0.168255931
30,2010,0.27943437
30,2011,0.284301159
30,2012,0.22411189
30,2013,0.402453241
30,2014,0.593907826
30,2015,0.585976757
31,2000,0
31,2001,0
31,2002,0
31,2003,0
31,2004,0
31,2005,0
31,2006,0.064885057
31,2007,0.165720645
31,2008,0.22410606
31,2009,0.256242735
31,2010,0.379569599
31,2011,0.373518595
31,2012,0.301517942
31,2013,0.492555109
31,2014,0.698049606
31,2015,0.689288654
32,2000,0
32,2001,0
32,2002,0
32,2003,0
32,2004,0
32,2005,0
32,2006,0.015328277
32,2007,0.096573856
32,2008,0.156812462
32,2009,0.185327516
32,2010,0.290428793
32,2011,0.280447644
32,2012,0.222154358
32,2013,0.40511595
32,2014,0.599695239
32,2015,0.59132144
33,2000,0
33,2001,0
33,2002,0
33,2003,0
33,2004,0
33,2005,0
33,2006,0.050755811
33,2007,0.150825547
33,2008,0.208655857
33,2009,0.236746996
33,2010,0.356113811
33,2011,0.353133443
33,2012,0.286096507
33,2013,0.477514042
33,2014,0.682132006
33,2015,0.673402144
34,2000,0
34,2001,0
34,2002,0
34,2003,0
34,2004,0
34,2005,0
34,2006,0.097225743
34,2007,0.217021188
34,2008,0.277102814
34,2009,0.285079857
34,2010,0.359884373
34,2011,0.367778417
34,2012,0.353620571
34,2013,0.56886828
34,2014,0.786233036
34,2015,0.777051058
35,2000,0
35,2001,0
35,2002,0
35,2003,0
35,2004,0
35,2005,0
35,2006,0.1333798
35,2007,0.231034502
35,2008,0.284241552
35,2009,0.321010301
35,2010,0.432579241
35,2011,0.422012166
35,2012,0.363205671
35,2013,0.551549715
35,2014,0.751797273
35,2015,0.743222426
36,2000,0
36,2001,0
36,2002,0
36,2003,0
36,2004,0
36,2005,0
36,2006,0.105065773
36,2007,0.216602242
36,2008,0.268215054
36,2009,0.27910619
36,2010,0.351124422
36,2011,0.353144738
36,2012,0.337793719
36,2013,0.535786233
36,2014,0.739914147
36,2015,0.731201667
37,2000,0
37,2001,0
37,2002,0
37,2003,0
37,2004,0
37,2005,0
37,2006,0.050355252
37,2007,0.154860003
37,2008,0.209513894
37,2009,0.225848762
37,2010,0.316673175
37,2011,0.331101603
37,2012,0.309153868
37,2013,0.522754452
37,2014,0.7425014
37,2015,0.733234929
38,2000,0
38,2001,0
38,2002,0
38,2003,0
38,2004,0
38,2005,0
38,2006,0.139648218
38,2007,0.272569158
38,2008,0.342513501
38,2009,0.336253304
38,2010,0.376478269
38,2011,0.376871681
38,2012,0.381068119
38,2013,0.58826793
38,2014,0.791272592
38,2015,0.782599953
39,2000,0
39,2001,0
39,2002,0
39,2003,0
39,2004,0
39,2005,0
39,2006,0.154311354
39,2007,0.256147572
39,2008,0.309519043
39,2009,0.344286172
39,2010,0.465010967
39,2011,0.464538504
39,2012,0.407877648
39,2013,0.607616092
39,2014,0.818772987
39,2015,0.809811196
40,2000,0
40,2001,0
40,2002,0
40,2003,0
40,2004,0
40,2005,0
40,2006,0.141561308
40,2007,0.239135787
40,2008,0.275531349
40,2009,0.296228871
40,2010,0.396292423
40,2011,0.405804788
40,2012,0.376762596
40,2013,0.576226489
40,2014,0.780801127
40,2015,0.772072802
41,2000,0
41,2001,0
41,2002,0
41,2003,0
41,2004,0
41,2005,0
41,2006,0.157340633
41,2007,0.263911517
41,2008,0.314814403
41,2009,0.337751898
41,2010,0.442416856
41,2011,0.444185092
41,2012,0.400948218
41,2013,0.600994249
41,2014,0.808818669
41,2015,0.799975078
42,2000,0
42,2001,0
42,2002,0
42,2003,0
42,2004,0
42,2005,0
42,2006,0.091736759
42,2007,0.206472347
42,2008,0.259191738
42,2009,0.265196976
42,2010,0.336573665
42,2011,0.340478874
42,2012,0.323461498
42,2013,0.521113151
42,2014,0.725102535
42,2015,0.716394968
43,2000,0
43,2001,0
43,2002,0
43,2003,0
43,2004,0
43,2005,0
43,2006,0.060316693
43,2007,0.154750549
43,2008,0.212510238
43,2009,0.247608909
43,2010,0.355905217
43,2011,0.344791567
43,2012,0.282288772
43,2013,0.458723129
43,2014,0.647443605
43,2015,0.639277611
44,2000,0
44,2001,0
44,2002,0
44,2003,0
44,2004,0
44,2005,0
44,2006,0.167031659
44,2007,0.262446367
44,2008,0.31108145
44,2009,0.3486428
44,2010,0.463431134
44,2011,0.455747376
44,2012,0.398694789
44,2013,0.589074341
44,2014,0.791146119
44,2015,0.782506568
45,2000,0
45,2001,0
45,2002,0
45,2003,0
45,2004,0
45,2005,0
45,2006,0.077159312
45,2007,0.197288097
45,2008,0.260847264
45,2009,0.264222001
45,2010,0.328284026
45,2011,0.336690043
45,2012,0.329276684
45,2013,0.543706394
45,2014,0.758597043
45,2015,0.74950282
46,2000,0
46,2001,0
46,2002,0
46,2003,0
46,2004,0
46,2005,0
46,2006,0.136010929
46,2007,0.234489344
46,2008,0.292301429
46,2009,0.331594696
46,2010,0.445319532
46,2011,0.432439137
46,2012,0.368558306
46,2013,0.556664521
46,2014,0.757653469
46,2015,0.749052325
47,2000,0
47,2001,0
47,2002,0
47,2003,0
47,2004,0
47,2005,0
47,2006,0.176337227
47,2007,0.270800758
47,2008,0.312685256
47,2009,0.347361467
47,2010,0.461101861
47,2011,0.462133068
47,2012,0.417667462
47,2013,0.615460342
47,2014,0.822215029
47,2015,0.81340938
48,2000,0
48,2001,0
48,2002,0
48,2003,0
48,2004,0
48,2005,0
48,2006,0.161951756
48,2007,0.267306279
48,2008,0.325443762
48,2009,0.358365025
48,2010,0.475637557
48,2011,0.474673797
48,2012,0.418810091
48,2013,0.617807687
48,2014,0.82763034
48,2015,0.818715873
49,2000,0
49,2001,0
49,2002,0
49,2003,0
49,2004,0
49,2005,0
49,2006,0.031417553
49,2007,0.123986514
49,2008,0.181857209
49,2009,0.212267783
49,2010,0.316687926
49,2011,0.306732452
49,2012,0.24943439
49,2013,0.43033076
49,2014,0.62251816
49,2015,0.614229198
50,2000,0
50,2001,0
50,2002,0
50,2003,0
50,2004,0
50,2005,0
50,2006,0.160870672
50,2007,0.259043909
50,2008,0.306488
50,2009,0.340651285
50,2010,0.458828454
50,2011,0.459129597
50,2012,0.406696243
50,2013,0.604339858
50,2014,0.812586694
50,2015,0.80372812
51,2000,0
51,2001,0
51,2002,0
51,2003,0
51,2004,0
51,2005,0
51,2006,0.144576832
51,2007,0.248421608
51,2008,0.288884012
51,2009,0.308908795
51,2010,0.404649045
51,2011,0.416047689
51,2012,0.395940302
51,2013,0.606543569
51,2014,0.820732298
51,2015,0.811662971
52,2000,0
52,2001,0
52,2002,0
52,2003,0
52,2004,0
52,2005,0
52,2006,0.15390193
52,2007,0.25096186
52,2008,0.305499871
52,2009,0.344373069
52,2010,0.457055768
52,2011,0.444716535
52,2012,0.383310683
52,2013,0.571369944
52,2014,0.771839845
52,2015,0.763257111
53,2000,0
53,2001,0
53,2002,0
53,2003,0
53,2004,0
53,2005,0
53,2006,0.145329007
53,2007,0.278056222
53,2008,0.346287315
53,2009,0.345854349
53,2010,0.401365866
53,2011,0.403654511
53,2012,0.399595122
53,2013,0.614569738
53,2014,0.828076265
53,2015,0.819031135
54,2000,0
54,2001,0
54,2002,0
54,2003,0
54,2004,0
54,2005,0
54,2006,0.058091649
54,2007,0.155895493
54,2008,0.217224382
54,2009,0.253576579
54,2010,0.366469773
54,2011,0.354972653
54,2012,0.288719461
54,2013,0.470462503
54,2014,0.665415695
54,2015,0.657028634
55,2000,0
55,2001,0
55,2002,0
55,2003,0
55,2004,0
55,2005,0
55,2006,0.060631903
55,2007,0.164394324
55,2008,0.230889039
55,2009,0.265497607
55,2010,0.371417023
55,2011,0.356685446
55,2012,0.302006818
55,2013,0.497328596
55,2014,0.704835749
55,2015,0.696003411
56,2000,0
56,2001,0
56,2002,0
56,2003,0
56,2004,0
56,2005,0
56,2006,0.049540843
56,2007,0.142784823
56,2008,0.188942558
56,2009,0.211929506
56,2010,0.289595771
56,2011,0.290244577
56,2012,0.272390461
56,2013,0.463487068
56,2014,0.658808373
56,2015,0.650408254
57,2000,0
57,2001,0
57,2002,0
57,2003,0
57,2004,0
57,2005,0
57,2006,0.133932932
57,2007,0.241762772
57,2008,0.287044988
57,2009,0.301385341
57,2010,0.395464435
57,2011,0.399476275
57,2012,0.365570282
57,2013,0.565267178
57,2014,0.770765758
57,2015,0.762004662
58,2000,0
58,2001,0
58,2002,0
58,2003,0
58,2004,0
58,2005,0
58,2006,0.112275704
58,2007,0.209923461
58,2008,0.251825408
58,2009,0.275485433
58,2010,0.361578372
58,2011,0.37272856
58,2012,0.363379531
58,2013,0.571042101
58,2014,0.780541558
58,2015,0.771638554
59,2000,0
59,2001,0
59,2002,0
59,2003,0
59,2004,0
59,2005,0
59,2006,0.094051758
59,2007,0.188998841
59,2008,0.233270842
59,2009,0.259045988
59,2010,0.341940829
59,2011,0.345096375
59,2012,0.329890411
59,2013,0.528802765
59,2014,0.730621512
59,2015,0.721990936
60,2000,0
60,2001,0
60,2002,0
60,2003,0
60,2004,0
60,2005,0
60,2006,0.075929321
60,2007,0.188377424
60,2008,0.237545789
60,2009,0.240107267
60,2010,0.304894853
60,2011,0.310200303
60,2012,0.297486324
60,2013,0.488759575
60,2014,0.685948866
60,2015,0.677482493
61,2000,0
61,2001,0
61,2002,0
61,2003,0
61,2004,0
61,2005,0
61,2006,0.066945767
61,2007,0.166527002
61,2008,0.215438895
61,2009,0.237620424
61,2010,0.325011276
61,2011,0.33373723
61,2012,0.315289795
61,2013,0.520278375
61,2014,0.730530135
61,2015,0.721600449
62,2000,0
62,2001,0
62,2002,0
62,2003,0
62,2004,0
62,2005,0
62,2006,0.084896001
62,2007,0.187289371
62,2008,0.236436601
62,2009,0.256236242
62,2010,0.342368939
62,2011,0.354126634
62,2012,0.339264493
62,2013,0.545614043
62,2014,0.756610447
62,2015,0.747654349
63,2000,0
63,2001,0
63,2002,0
63,2003,0
63,2004,0
63,2005,0
63,2006,0.091439476
63,2007,0.18303917
63,2008,0.230757554
63,2009,0.259303515
63,2010,0.332467837
63,2011,0.324988217
63,2012,0.308629286
63,2013,0.494987159
63,2014,0.684761862
63,2015,0.676558476
64,2000,0
64,2001,0
64,2002,0
64,2003,0
64,2004,0
64,2005,0
64,2006,0.135795549
64,2007,0.251027294
64,2008,0.300217693
64,2009,0.311604488
64,2010,0.39893888
64,2011,0.406226318
64,2012,0.383644948
64,2013,0.5954881
64,2014,0.811100126
64,2015,0.801980316
65,2000,0
65,2001,0
65,2002,0
65,2003,0
65,2004,0
65,2005,0
65,2006,0.116873694
65,2007,0.215617521
65,2008,0.266467502
65,2009,0.300611934
65,2010,0.410272202
65,2011,0.403132746
65,2012,0.350532018
65,2013,0.542646855
65,2014,0.745440502
65,2015,0.736775347
66,2000,0
66,2001,0
66,2002,0
66,2003,0
66,2004,0
66,2005,0
66,2006,0.073392272
66,2007,0.160672029
66,2008,0.206317735
66,2009,0.234462152
66,2010,0.31279208
66,2011,0.315344693
66,2012,0.300345693
66,2013,0.48749852
66,2014,0.679809007
66,2015,0.671515679
67,2000,0
67,2001,0
67,2002,0
67,2003,0
67,2004,0
67,2005,0
67,2006,0.11149571
67,2007,0.205256561
67,2008,0.259933888
67,2009,0.296135051
67,2010,0.37852136
67,2011,0.364211662
67,2012,0.335089589
67,2013,0.520546832
67,2014,0.711701932
67,2015,0.703449585
68,2000,0
68,2001,0
68,2002,0.002038082
68,2003,0.000384125
68,2004,0.00055188
68,2005,0.002506971
68,2006,0.074699989
68,2007,0.181749583
68,2008,0.248950353
68,2009,0.284627757
68,2010,0.393382223
68,2011,0.378326467
68,2012,0.317409497
68,2013,0.507387992
68,2014,0.711276044
68,2015,0.702736559
69,2000,0
69,2001,0
69,2002,0
69,2003,0
69,2004,0
69,2005,0
69,2006,0.058797997
69,2007,0.157473125
69,2008,0.213877474
69,2009,0.245934956
69,2010,0.352101639
69,2011,0.342072015
69,2012,0.285007065
69,2013,0.469186919
69,2014,0.664686147
69,2015,0.656279718
70,2000,0
70,2001,0
70,2002,0
70,2003,0
70,2004,0
70,2005,0
70,2006,0.151549434
70,2007,0.247665017
70,2008,0.289405253
70,2009,0.318904712
70,2010,0.430513028
70,2011,0.435166977
70,2012,0.39251362
70,2013,0.589878806
70,2014,0.795537506
70,2015,0.786770731
71,2000,0
71,2001,0
71,2002,0
71,2003,0
71,2004,0
71,2005,0
71,2006,0.057564082
71,2007,0.147963906
71,2008,0.200624595
71,2009,0.232537908
71,2010,0.323830542
71,2011,0.32735934
71,2012,0.300999742
71,2013,0.496009577
71,2014,0.699631086
71,2015,0.690936568
72,2000,0
72,2001,0
72,2002,0
72,2003,0
72,2004,0
72,2005,0
72,2006,0.093365345
72,2007,0.188654323
72,2008,0.235967816
72,2009,0.261486583
72,2010,0.341452142
72,2011,0.344723382
72,2012,0.330681886
72,2013,0.527887092
72,2014,0.730064143
72,2015,0.721420858
73,2000,0
73,2001,0
73,2002,0
73,2003,0
73,2004,0
73,2005,0
73,2006,0.203780089
73,2007,0.336739708
73,2008,0.400647267
73,2009,0.40248963
73,2010,0.46759091
73,2011,0.462486578
73,2012,0.444007902
73,2013,0.654352049
73,2014,0.866017547
73,2015,0.857037716
74,2000,0
74,2001,0
74,2002,0.009028066
74,2003,0.00327337
74,2004,0.003770494
74,2005,0.010184028
74,2006,0.105269898
74,2007,0.197663285
74,2008,0.256698915
74,2009,0.297187521
74,2010,0.392250437
74,2011,0.382167756
74,2012,0.334240618
74,2013,0.504473501
74,2014,0.687061461
74,2015,0.679666436
75,2000,0
75,2001,0
75,2002,0
75,2003,0
75,2004,0
75,2005,0
75,2006,0.071321225
75,2007,0.174054904
75,2008,0.222615459
75,2009,0.240306904
75,2010,0.32890124
75,2011,0.345637182
75,2012,0.332200961
75,2013,0.547734163
75,2014,0.766585975
75,2015,0.757351253
76,2000,0
76,2001,0
76,2002,0
76,2003,0
76,2004,0
76,2005,0
76,2006,0.036290093
76,2007,0.122562229
76,2008,0.176235977
76,2009,0.206301797
76,2010,0.294062714
76,2011,0.282369211
76,2012,0.240870646
76,2013,0.41347362
76,2014,0.593998823
76,2015,0.586123508
77,2000,0
77,2001,0
77,2002,0
77,2003,0
77,2004,0
77,2005,0
77,2006,0.083795472
77,2007,0.207213573
77,2008,0.263769133
77,2009,0.266131751
77,2010,0.342748822
77,2011,0.34952192
77,2012,0.325581704
77,2013,0.526741986
77,2014,0.738806849
77,2015,0.729812854
78,2000,0
78,2001,0
78,2002,0
78,2003,0
78,2004,0
78,2005,0
78,2006,0.078538079
78,2007,0.177492311
78,2008,0.236763167
78,2009,0.272433941
78,2010,0.369587998
78,2011,0.361325273
78,2012,0.323369455
78,2013,0.51965891
78,2014,0.725592606
78,2015,0.716816077
79,2000,0
79,2001,0
79,2002,0
79,2003,0
79,2004,0
79,2005,0
79,2006,0.095537134
79,2007,0.207910393
79,2008,0.261686596
79,2009,0.271080455
79,2010,0.345999053
79,2011,0.350665727
79,2012,0.332586472
79,2013,0.530858237
79,2014,0.735178622
79,2015,0.726459315
80,2000,0
80,2001,0
80,2002,0
80,2003,0
80,2004,0
80,2005,0
80,2006,0.079445545
80,2007,0.178598209
80,2008,0.2246756
80,2009,0.24614451
80,2010,0.334591867
80,2011,0.348775747
80,2012,0.335635306
80,2013,0.544945788
80,2014,0.757872819
80,2015,0.748848243
81,2000,0
81,2001,0
81,2002,0
81,2003,0
81,2004,0
81,2005,0
81,2006,0.060241433
81,2007,0.184254582
81,2008,0.24409326
81,2009,0.244982203
81,2010,0.324573911
81,2011,0.335128017
81,2012,0.308071514
81,2013,0.510737597
81,2014,0.724966458
81,2015,0.715895708
82,2000,0
82,2001,0
82,2002,0
82,2003,0.002067366
82,2004,0.002047807
82,2005,0.00256605
82,2006,0.243037317
82,2007,0.383645838
82,2008,0.452861403
82,2009,0.451568591
82,2010,0.500643109
82,2011,0.489190077
82,2012,0.47806864
82,2013,0.684968127
82,2014,0.88889069
82,2015,0.88004188
83,2000,0
83,2001,0
83,2002,0
83,2003,0
83,2004,0
83,2005,0
83,2006,0.101981751
83,2007,0.21734885
83,2008,0.269241471
83,2009,0.276244127
83,2010,0.348426049
83,2011,0.352428417
83,2012,0.335194423
83,2013,0.533192722
83,2014,0.739490856
83,2015,0.7307014
84,2000,0
84,2001,0
84,2002,0
84,2003,0
84,2004,0
84,2005,0
84,2006,0.063591253
84,2007,0.157732775
84,2008,0.204556544
84,2009,0.228952133
84,2010,0.309909424
84,2011,0.313613836
84,2012,0.296808303
84,2013,0.492245869
84,2014,0.692604755
84,2015,0.684025959
85,2000,0
85,2001,0
85,2002,0
85,2003,0
85,2004,0
85,2005,0
85,2006,0.064106723
85,2007,0.155251542
85,2008,0.212049834
85,2009,0.247848833
85,2010,0.349898119
85,2011,0.337615769
85,2012,0.27995779
85,2013,0.451690832
85,2014,0.634561366
85,2015,0.626602865
86,2000,0
86,2001,0
86,2002,0
86,2003,0
86,2004,0
86,2005,0
86,2006,0.112309811
86,2007,0.219400499
86,2008,0.270210223
86,2009,0.285128718
86,2010,0.35731143
86,2011,0.358254339
86,2012,0.343191498
86,2013,0.537876334
86,2014,0.739245173
86,2015,0.730630555
87,2000,0
87,2001,0
87,2002,0
87,2003,0
87,2004,0
87,2005,0
87,2006,0.060213285
87,2007,0.152740553
87,2008,0.199009293
87,2009,0.223151043
87,2010,0.297662127
87,2011,0.29470075
87,2012,0.277460881
87,2013,0.46439877
87,2014,0.654657927
87,2015,0.646437358
88,2000,0
88,2001,0
88,2002,0
88,2003,0
88,2004,0
88,2005,0
88,2006,0.04355664
88,2007,0.136988214
88,2008,0.183847328
88,2009,0.20614626
88,2010,0.289873741
88,2011,0.295114994
88,2012,0.275136997
88,2013,0.472593115
88,2014,0.674814036
88,2015,0.666169195
89,2000,0
89,2001,0
89,2002,0
89,2003,0
89,2004,0
89,2005,0
89,2006,0.11801103
89,2007,0.213947987
89,2008,0.258602351
89,2009,0.287236028
89,2010,0.375715689
89,2011,0.378001023
89,2012,0.358965744
89,2013,0.559726938
89,2014,0.764082034
89,2015,0.755361496
90,2000,0
90,2001,0
90,2002,0.002954601
90,2003,0.000928767
90,2004,0.00108332
90,2005,0.003232112
90,2006,0.076081275
90,2007,0.170386002
90,2008,0.230369967
90,2009,0.268188096
90,2010,0.37047846
90,2011,0.358438358
90,2012,0.30242557
90,2013,0.478971423
90,2014,0.66752057
90,2015,0.659543455
91,2000,0
91,2001,0
91,2002,0
91,2003,0
91,2004,0
91,2005,0
91,2006,0.091723917
91,2007,0.196459981
91,2008,0.24725103
91,2009,0.262995133
91,2010,0.343328649
91,2011,0.353546793
91,2012,0.339361066
91,2013,0.540301375
91,2014,0.745911659
91,2015,0.737146601
92,2000,0
92,2001,0
92,2002,0
92,2003,0
92,2004,0
92,2005,0
92,2006,0.169155911
92,2007,0.264569108
92,2008,0.309561438
92,2009,0.345446497
92,2010,0.458361449
92,2011,0.455347952
92,2012,0.4070927
92,2013,0.603043085
92,2014,0.808821649
92,2015,0.800050622
93,2000,0
93,2001,0
93,2002,0
93,2003,0
93,2004,0
93,2005,0
93,2006,0.094774501
93,2007,0.152715465
93,2008,0.184053913
93,2009,0.216105259
93,2010,0.252123252
93,2011,0.236442101
93,2012,0.241188276
93,2013,0.370332546
93,2014,0.496649824
93,2015,0.490697209
94,2000,0
94,2001,0
94,2002,0
94,2003,0
94,2004,0
94,2005,0
94,2006,0.110946207
94,2007,0.217710906
94,2008,0.268134829
94,2009,0.284785
94,2010,0.362888208
94,2011,0.368929116
94,2012,0.355617224
94,2013,0.557103114
94,2014,0.763423207
94,2015,0.754632972
95,2000,0
95,2001,0
95,2002,0
95,2003,0
95,2004,0
95,2005,0
95,2006,0.068967125
95,2007,0.1870696
95,2008,0.2399983
95,2009,0.23991616
95,2010,0.310543064
95,2011,0.319702227
95,2012,0.3019365
95,2013,0.498976511
95,2014,0.703928625
95,2015,0.695186911
96,2000,0
96,2001,0
96,2002,0
96,2003,0
96,2004,0
96,2005,0
96,2006,0.093011288
96,2007,0.189455768
96,2008,0.240790717
96,2009,0.273414325
96,2010,0.368590033
96,2011,0.361122841
96,2012,0.323330851
96,2013,0.514261594
96,2014,0.712591519
96,2015,0.704084688
97,2000,0
97,2001,0
97,2002,0
97,2003,0
97,2004,0
97,2005,0
97,2006,0.039967046
97,2007,0.131943071
97,2008,0.198306903
97,2009,0.230606491
97,2010,0.33875921
97,2011,0.324552836
97,2012,0.264275094
97,2013,0.454701174
97,2014,0.657948681
97,2015,0.649267429
98,2000,0
98,2001,0
98,2002,0
98,2003,0
98,2004,0
98,2005,0
98,2006,0.13658423
98,2007,0.234110883
98,2008,0.27849591
98,2009,0.309560792
98,2010,0.408620433
98,2011,0.411507484
98,2012,0.384235403
98,2013,0.588085141
98,2014,0.79730323
98,2015,0.788410207
99,2000,0
99,2001,0
99,2002,0
99,2003,0
99,2004,0
99,2005,0
99,2006,0.076980737
99,2007,0.192969662
99,2008,0.244120914
99,2009,0.245433909
99,2010,0.313313522
99,2011,0.319975074
99,2012,0.304567683
99,2013,0.499274134
99,2014,0.700957728
99,2015,0.692331946
100,2000,0
100,2001,0
100,2002,0
100,2003,0
100,2004,0
100,2005,0
100,2006,0.12319865
100,2007,0.211878706
100,2008,0.260763541
100,2009,0.294596011
100,2010,0.365366524
100,2011,0.35279425
100,2012,0.336584931
100,2013,0.517650091
100,2014,0.701641582
100,2015,0.693643321
101,2000,0
101,2001,0
101,2002,0
101,2003,0
101,2004,0
101,2005,0
101,2006,0.212929574
101,2007,0.356503608
101,2008,0.429590705
101,2009,0.422322895
101,2010,0.464203102
101,2011,0.456608956
101,2012,0.453075371
101,2013,0.662943214
101,2014,0.869584199
101,2015,0.860782583
102,2000,0
102,2001,0
102,2002,0
102,2003,0
102,2004,0
102,2005,0
102,2006,0.163342759
102,2007,0.258878688
102,2008,0.30020887
102,2009,0.333352384
102,2010,0.440348538
102,2011,0.442965016
102,2012,0.408430201
102,2013,0.610565266
102,2014,0.819559999
102,2015,0.810674898
103,2000,0
103,2001,0
103,2002,0
103,2003,0
103,2004,0
103,2005,0
103,2006,0.153004366
103,2007,0.253172259
103,2008,0.306351364
103,2009,0.342749775
103,2010,0.463244888
103,2011,0.457653348
103,2012,0.395701178
103,2013,0.59096024
103,2014,0.798890323
103,2015,0.790042984
104,2000,0
104,2001,0
104,2002,0
104,2003,0
104,2004,0
104,2005,0
104,2006,0.02954839
104,2007,0.119447122
104,2008,0.179171189
104,2009,0.210736662
104,2010,0.315574192
104,2011,0.304391837
104,2012,0.245443081
104,2013,0.425147309
104,2014,0.616475324
104,2015,0.608216844
105,2000,0
105,2001,0
105,2002,0
105,2003,0
105,2004,0
105,2005,0
105,2006,0.120168768
105,2007,0.226822199
105,2008,0.276482023
105,2009,0.291763611
105,2010,0.364510311
105,2011,0.367626088
105,2012,0.355963223
105,2013,0.553310276
105,2014,0.755551685
105,2015,0.746906118
106,2000,0
106,2001,0
106,2002,0
106,2003,0.000645722
106,2004,0.001192403
106,2005,0.001684676
106,2006,0.103195131
106,2007,0.204641776
106,2008,0.257224037
106,2009,0.280925698
106,2010,0.362893424
106,2011,0.36753518
106,2012,0.347921814
106,2013,0.543827137
106,2014,0.748186866
106,2015,0.742422327
107,2000,0
107,2001,0
107,2002,0.000408269
107,2003,0
107,2004,0
107,2005,0.000539158
107,2006,0.049112291
107,2007,0.149923833
107,2008,0.21532254
107,2009,0.241408014
107,2010,0.362237603
107,2011,0.359892146
107,2012,0.289235393
107,2013,0.480593616
107,2014,0.685949368
107,2015,0.677260042
108,2000,0
108,2001,0
108,2002,0
108,2003,0
108,2004,0
108,2005,0
108,2006,0.024976198
108,2007,0.115272329
108,2008,0.17337521
108,2009,0.201737885
108,2010,0.306474771
108,2011,0.297796652
108,2012,0.242248106
108,2013,0.428553534
108,2014,0.625956146
108,2015,0.617482206
109,2000,0
109,2001,0
109,2002,0
109,2003,0
109,2004,0
109,2005,0
109,2006,0.134658603
109,2007,0.236241125
109,2008,0.291648641
109,2009,0.327009006
109,2010,0.446413606
109,2011,0.437766288
109,2012,0.371654985
109,2013,0.564467918
109,2014,0.770679536
109,2015,0.761893149
110,2000,0
110,2001,0
110,2002,0
110,2003,0
110,2004,0
110,2005,0
110,2006,0.10284587
110,2007,0.205430744
110,2008,0.255906964
110,2009,0.277462975
110,2010,0.357500622
110,2011,0.360557504
110,2012,0.344589921
110,2013,0.545222107
110,2014,0.751697194
110,2015,0.742901463
111,2000,0
111,2001,0
111,2002,0
111,2003,0
111,2004,0
111,2005,0
111,2006,0.170070981
111,2007,0.309322234
111,2008,0.382437743
111,2009,0.373977819
111,2010,0.411990238
111,2011,0.4075119
111,2012,0.408557852
111,2013,0.615842477
111,2014,0.818931717
111,2015,0.810256078
112,2000,0
112,2001,0
112,2002,0
112,2003,0
112,2004,0
112,2005,0
112,2006,0.114128858
112,2007,0.20854176
112,2008,0.258502483
112,2009,0.291725441
112,2010,0.378490694
112,2011,0.371581821
112,2012,0.345183951
112,2013,0.537442255
112,2014,0.734612423
112,2015,0.726146728